{
  "id": "10009",
  "name_ja": null,
  "data": [
    {
      "updatetime": "20250827",
      "lane": 2,
      "rank": 0,
      "winrate": 50.834900000000005,
      "pickrate": 1.1258000000000001,
      "banrate": 0.479
    }
  ]
}