{
  "id": "10062",
  "name_ja": null,
  "data": [
    {
      "updatetime": "20250827",
      "lane": 2,
      "rank": 0,
      "winrate": 51.305299999999995,
      "pickrate": 5.4404,
      "banrate": 1.2748000000000002
    }
  ]
}